product_code,division,category,product,variant
ARCHDDE20D,Archery,Arrows,PX Carbon Arrow Set,12 Pack
ARCH158F41,Archery,Finger Tab,LX Leather Finger Tab,Universal
ARCHAFF0E4,Archery,Bow,AX Precision Recurve Bow,26 lbs
ARCH6B94F7,Archery,Bow,AX Precision Recurve Bow,30 lbs
ARCH5D1FE7,Archery,Bow Stringer,BX Bow Stringing Tool,Standard
ARCH7B49A9,Archery,Arm Guard,NX Archery Arm Guard,Medium
ARCH497D34,Archery,Target,TX Foam Archery Target,80 cm
ARCHE71D79,Archery,Arm Guard,NX Archery Arm Guard,Large
ARCHDD8749,Archery,Target,TX Foam Archery Target,60 cm
BADMC045D4,Badminton,Badminton Racket,BX AeroLite Badminton Racket,Head Heavy
BADM88C384,Badminton,Badminton Racket,AX PowerDrive Badminton Racket,Intermediate
BADMA5EBA3,Badminton,Badminton Racket,BX AeroLite Badminton Racket,Even Balance
BADM4BAB38,Badminton,Badminton Racket,BX AeroLite Badminton Racket,Advanced
BADMDC6AB1,Badminton,Badminton Racket,AX PowerDrive Badminton Racket,Even Balance
BADM50C510,Badminton,Badminton Racket,AX PowerDrive Badminton Racket,Head Heavy
BADM2459FB,Badminton,Badminton Racket,AX PowerDrive Badminton Racket,Flexible Shaft
BADM9DDCED,Badminton,Badminton Racket,AX PowerDrive Badminton Racket,Head Light
BADMD11DA6,Badminton,Badminton Racket,BX AeroLite Badminton Racket,4U Weight
BADMDA1B05,Badminton,Badminton Racket,BX AeroLite Badminton Racket,Stiff Shaft
BADM376040,Badminton,Badminton Racket,BX AeroLite Badminton Racket,Flexible Shaft
BADM03A202,Badminton,Badminton Racket,BX AeroLite Badminton Racket,Head Light
BADME151E6,Badminton,Badminton Racket,AX PowerDrive Badminton Racket,4U Weight
BADMDA5EC8,Badminton,Badminton Racket,AX PowerDrive Badminton Racket,Advanced
BADM48A260,Badminton,Badminton Racket,BX AeroLite Badminton Racket,Beginner
BADM8FFE12,Badminton,Badminton Racket,AX PowerDrive Badminton Racket,Stiff Shaft
BADM1B8332,Badminton,Badminton Racket,AX PowerDrive Badminton Racket,3U Weight
BADM7E90FB,Badminton,Badminton Racket,BX AeroLite Badminton Racket,3U Weight
BASK7F5383,Basketball,Basketball Jersey,AX DryFit Basketball Jersey,L
BASKEE612D,Basketball,Basketball,BX Grip Indoor Basketball,Size 7
BASK4C69DF,Basketball,Basketball Jersey,AX DryFit Basketball Jersey,M
BASK9E4294,Basketball,Basketball,BX Grip Indoor Basketball,Size 5
BASKEE32E4,Basketball,Basketball,BX Grip Indoor Basketball,Size 6
BASKE57A19,Basketball,Basketball Hoop,HX Portable Basketball Hoop,Standard Height
BASK728A58,Basketball,Basketball Shoes,RX Jump Basketball Shoes,UK 7
BASKED86BF,Basketball,Basketball Hoop,HX Portable Basketball Hoop,Adjustable Height
BASK32528E,Basketball,Basketball Shoes,RX Jump Basketball Shoes,UK 9
BASK984F74,Basketball,Basketball Accessories,NX Court Basketball Pump,With Needle
BOX8606F7,Boxing,Headgear,RX Sparring Headgear,L
BOXD26891,Boxing,Headgear,RX Sparring Headgear,M
BOX17AD9F,Boxing,Skipping Rope,TX Speed Skipping Rope,Adjustable
BOXB9DCC6,Boxing,Boxing Gloves,BX Pro Boxing Gloves,10 oz
BOX3DC0E4,Boxing,Boxing Gloves,BX Pro Boxing Gloves,12 oz
BOX381514,Boxing,Punching Bag,PX Heavy Punching Bag,30 kg
BOX386644,Boxing,Hand Wraps,AX Elastic Hand Wrap,3 m
BOX3A9CA9,Boxing,Punching Bag,PX Heavy Punching Bag,25 kg
BOXB0228B,Boxing,Mouth Guard,NX ShockGuard Mouthpiece,Junior
CAMP24F868,Camping,Tent,CX QuickPitch Tent,4 Person
CAMPA3B110,Camping,Lantern,LX BrightGlow LED Lantern,Rechargeable
CAMPEE1159,Camping,Lantern,LX BrightGlow LED Lantern,Battery
CAMP7A5E65,Camping,Camping Stove,PX MiniGas Stove,Single Burner
CAMP69AF0F,Camping,Folding Chair,MX Relax Folding Chair,XL
CAMP10C410,Camping,Ice Box,FX ChillBox Cooler,20L
CAMPECAADE,Camping,Sleeping Bag,HX WarmComfort Sleeping Bag,-5°C
CAMPF24336,Camping,Tent,CX QuickPitch Tent,2 Person
CAMPE624C8,Camping,Camping Mat,TX RollLite Sleeping Mat,15 mm
CAMP11E3FA,Camping,Folding Chair,MX Relax Folding Chair,Standard
CAMPCB6B05,Camping,Ice Box,FX ChillBox Cooler,40L
CAMPDFA679,Camping,Camping Stove,PX MiniGas Stove,Double Burner
CAMP4005E6,Camping,Camping Tools,NX MultiTool Knife Set,11-in-1
CAMPD5615D,Camping,Sleeping Bag,HX WarmComfort Sleeping Bag,0°C
CRICA1EEE0,Baseball,Baseball Leg Guards,NX Pro Baseball Leg Guards,Adult
CRIC7723F0,Baseball,Baseball Bat,KX Blaze Kashmir Willow Baseball Bat,Beginner
CRIC97BE68,Baseball,Baseball Helmet,AX Guard Baseball Helmet,With Grill
CRIC2716B4,Baseball,Baseball Helmet,AX Guard Baseball Helmet,XL
CRIC6888B0,Baseball,Baseball Bat,KX Blaze Kashmir Willow Baseball Bat,Intermediate
CRICE4E9A2,Baseball,Baseball,SR Strike Leather Baseball Ball,White 156g
CRIC670481,Baseball,Baseball,SR Strike Leather Baseball Ball,Rubber Ball
CRICCCD675,Baseball,Batting Gloves,PX Grip Baseball Batting Gloves,Left Hand
CRIC05FECB,Baseball,Equipment Bag,TRX Max Baseball Kit Bag,Heavy Duty Edition
CRIC681856,Baseball,Baseball Bat,KX Blaze Kashmir Willow Baseball Bat,Balanced Weight
CRICBBFD56,Baseball,Equipment Bag,TRX Max Baseball Kit Bag,60L
CRIC57FB52,Baseball,Baseball,SR Strike Leather Baseball Ball,White 142g
CRIC294CD6,Baseball,Baseball,SR Strike Leather Baseball Ball,Red 156g
CRIC892BAA,Baseball,Equipment Bag,TRX Max Baseball Kit Bag,80L
CRIC2AE4DF,Baseball,Baseball Helmet,AX Guard Baseball Helmet,Lightweight Edition
CRICC0D928,Baseball,Equipment Bag,TRX Max Baseball Kit Bag,50L
CRIC341BC8,Baseball,Baseball Helmet,AX Guard Baseball Helmet,Without Grill
CRICB9EBFF,Baseball,Baseball Bat,KX Blaze Kashmir Willow Baseball Bat,Advanced
CRIC5B2A0F,Baseball,Baseball Helmet,AX Guard Baseball Helmet,Senior
CRIC2D3CF5,Baseball,Baseball Bat,KX Blaze Kashmir Willow Baseball Bat,Lightweight
CRICC6CF02,Baseball,Baseball Leg Guards,NX Pro Baseball Leg Guards,Cushioned Edition
CRICA7893F,Baseball,Batting Gloves,PX Grip Baseball Batting Gloves,Large
CRICA5001D,Baseball,Baseball Leg Guards,NX Pro Baseball Leg Guards,XL
CRIC94FE34,Baseball,Baseball,SR Strike Leather Baseball Ball,Heavy Training 200g
CRIC1FC74E,Baseball,Baseball Bat,KX Blaze Kashmir Willow Baseball Bat,Heavyweight
CRIC905F1B,Baseball,Batting Gloves,PX Grip Baseball Batting Gloves,Adult
CRIC35B3C7,Baseball,Batting Gloves,PX Grip Baseball Batting Gloves,Right Hand
CRIC462BA5,Baseball,Baseball Leg Guards,NX Pro Baseball Leg Guards,Medium
CRICBDB8DA,Baseball,Equipment Bag,TRX Max Baseball Kit Bag,70L
CRIC1BA87E,Baseball,Batting Gloves,PX Grip Baseball Batting Gloves,Youth
CRIC7633A6,Baseball,Equipment Bag,TRX Max Baseball Kit Bag,100L
CRIC8B52CE,Baseball,Baseball,SR Strike Leather Baseball Ball,Light Training 120g
CRIC538334,Baseball,Baseball Bat,KX Blaze Kashmir Willow Baseball Bat,Short Handle
CRIC385D92,Baseball,Baseball Leg Guards,NX Pro Baseball Leg Guards,Small
CRICF950D4,Baseball,Baseball,SR Strike Leather Baseball Ball,Training Soft Ball
CRIC16E55F,Baseball,Baseball Bat,KX Blaze Kashmir Willow Baseball Bat,Long Handle
CRIC02DA3C,Baseball,Baseball Leg Guards,NX Pro Baseball Leg Guards,Lightweight
CRIC98DB22,Baseball,Batting Gloves,PX Grip Baseball Batting Gloves,Medium
CRICCE879E,Baseball,Baseball Leg Guards,NX Pro Baseball Leg Guards,Pro Edition
CRIC372046,Baseball,Baseball Bat,KX Blaze Kashmir Willow Baseball Bat,Youth
CRICF6D4C2,Baseball,Batting Gloves,PX Grip Baseball Batting Gloves,Pro Edition
CRIC7270D1,Baseball,Baseball,SR Strike Leather Baseball Ball,Pink 156g
CRIC64B186,Baseball,Baseball Helmet,AX Guard Baseball Helmet,Medium
CRIC2841E6,Baseball,Batting Gloves,PX Grip Baseball Batting Gloves,XL
CRIC2101AF,Baseball,Baseball Leg Guards,NX Pro Baseball Leg Guards,Youth
CRICDB62E7,Baseball,Equipment Bag,TRX Max Baseball Kit Bag,Backpack Style
CRICA7A3B4,Baseball,Batting Gloves,PX Grip Baseball Batting Gloves,Lightweight
CRICD69383,Baseball,Baseball,SR Strike Leather Baseball Ball,Wind Ball
CRIC97883A,Baseball,Baseball Helmet,AX Guard Baseball Helmet,Adjustable Fit
CRIC55A6B5,Baseball,Equipment Bag,TRX Max Baseball Kit Bag,With Wheels
CRIC7A3D0A,Baseball,Batting Gloves,PX Grip Baseball Batting Gloves,Small
CRIC76C189,Baseball,Baseball Leg Guards,NX Pro Baseball Leg Guards,With Straps
CRIC8DF8D8,Baseball,Baseball Helmet,AX Guard Baseball Helmet,Large
CRIC19DC2D,Baseball,Equipment Bag,TRX Max Baseball Kit Bag,90L
CRICAEA857,Baseball,Baseball Leg Guards,NX Pro Baseball Leg Guards,Large
CRIC55BF8F,Baseball,Equipment Bag,TRX Max Baseball Kit Bag,75L
CRICA76614,Baseball,Baseball,SR Strike Leather Baseball Ball,Red 142g
CRIC2D7B61,Baseball,Baseball Bat,KX Blaze Kashmir Willow Baseball Bat,Adult
CRICC6150F,Baseball,Baseball Helmet,AX Guard Baseball Helmet,Junior
CYCLDE0772,Cycling,Bike Lock,CX Steel Cable Lock,4 ft
CYCLBD7368,Cycling,Cycling Bottle,NX Squeeze Cycling Bottle,800 ml
CYCL9F921D,Cycling,Bike Pump,TX HighPressure Bike Pump,120 PSI
CYCL8D32DD,Cycling,Cycling Gloves,PX Gel Cycling Gloves,M
CYCL903AF1,Cycling,Cycling Gloves,PX Gel Cycling Gloves,S
CYCLB9F510,Cycling,Cycling Bottle,NX Squeeze Cycling Bottle,600 ml
CYCL3A3BA9,Cycling,Cycling Helmet,CX Road Bike Helmet,M
CYCL28EDD2,Cycling,Bike Lock,CX Steel Cable Lock,6 ft
CYCL8D92F6,Cycling,Cycling Helmet,CX Road Bike Helmet,L
CYCLA4B3CA,Cycling,Bike Pump,TX HighPressure Bike Pump,160 PSI
FISHE20FE7,Fishing,Reel,PX SmoothSpin Reel,4000
FISH435E84,Fishing,Fishing Line,NX StrongLine Monofilament,10 lb
FISHF83738,Fishing,Fishing Line,NX StrongLine Monofilament,15 lb
FISH731A02,Fishing,Lure Kit,BX LureKit Assorted,20 Pieces
FISH8CF49F,Fishing,Tackle Box,MX Fishing Tackle Box,Medium
FISH6AC780,Fishing,Tackle Box,MX Fishing Tackle Box,Large
FISHC4F1E3,Fishing,Lure Kit,BX LureKit Assorted,10 Pieces
FISH9C6E1A,Fishing,Reel,PX SmoothSpin Reel,3000
FISH9DCA51,Fishing,Fishing Rod,FX Carbon Fishing Rod,8 ft
FISHA6E17F,Fishing,Fishing Rod,FX Carbon Fishing Rod,6 ft
FOOTDA10C6,Soccer,Soccer Ball,NX Turf Control Soccer,Size 4
FOOT8B25BD,Soccer,Soccer Ball,FX Striker Training Soccer,Match Training
FOOTBCD3A9,Soccer,Soccer Shin Guards,ShieldX Soccer Shinguards,Lightweight Edition
FOOTC865F3,Soccer,Goalie Gloves,GK Defender Grip Gloves,Flat Cut Palm
FOOT9DB3E4,Soccer,Soccer Ball,FX Striker Training Soccer,Outdoor Edition
FOOTB533BF,Soccer,Soccer Cleats,RX Sprint Soccer Boots,UK 7
FOOT80D996,Soccer,Soccer Ball,FX Striker Training Soccer,Hybrid Stitch
FOOT0CD3DE,Soccer,Soccer Shin Guards,ShieldX Soccer Shinguards,Large
FOOT528FB5,Soccer,Soccer Cleats,RX Sprint Soccer Boots,Artificial Turf (TF)
FOOT86D9A9,Soccer,Goalie Gloves,GK Defender Grip Gloves,Size 9
FOOT0E544D,Soccer,Soccer Shin Guards,ShieldX Soccer Shinguards,Medium
FOOTF63A17,Soccer,Soccer Cleats,RX Sprint Soccer Boots,Soft Ground (SG)
FOOT93E2C6,Soccer,Soccer Cleats,RX Sprint Soccer Boots,Firm Ground (FG)
FOOT2BAAAD,Soccer,Soccer Ball,NX Turf Control Soccer,Hard Grip Surface
FOOT9B3291,Soccer,Soccer Ball,FX Striker Training Soccer,High Bounce
FOOT7DA9E9,Soccer,Soccer Cleats,RX Sprint Soccer Boots,UK 8
FOOT6681B1,Soccer,Soccer Ball,NX Turf Control Soccer,Outdoor Turf
FOOT2271DD,Soccer,Soccer Ball,NX Turf Control Soccer,Match Turf Edition
FOOT614FC7,Soccer,Soccer Ball,NX Turf Control Soccer,Size 3
FOOT41CE85,Soccer,Soccer Ball,NX Turf Control Soccer,Indoor Turf
FOOTC136F5,Soccer,Goalie Gloves,GK Defender Grip Gloves,Roll Finger
FOOTBF1E0A,Soccer,Soccer Shin Guards,ShieldX Soccer Shinguards,Pro Cushioning
FOOTDD733E,Soccer,Soccer Ball,FX Striker Training Soccer,Size 3
FOOTCC8143,Soccer,Soccer Ball,VX Match Premier Soccer,Hybrid Construction
FOOTE19E1A,Soccer,Soccer Ball,VX Match Premier Soccer,Size 3
FOOT3DC7AC,Soccer,Goalie Gloves,GK Defender Grip Gloves,Size 7
FOOTE1C418,Soccer,Soccer Shin Guards,ShieldX Soccer Shinguards,With Sleeve
FOOT595ABB,Soccer,Goalie Gloves,GK Defender Grip Gloves,Hybrid Cut
FOOTB792C1,Soccer,Soccer Ball,VX Match Premier Soccer,High Visibility Neon
FOOT5F7FD6,Soccer,Soccer Ball,VX Match Premier Soccer,Seamless Design
FOOT347728,Soccer,Soccer Ball,FX Striker Training Soccer,Indoor Edition
FOOTFD98D3,Soccer,Soccer Ball,FX Striker Training Soccer,Size 4
FOOT75A7DE,Soccer,Soccer Ball,NX Turf Control Soccer,Size 5
FOOT5FB337,Soccer,Soccer Ball,FX Striker Training Soccer,Lightweight Edition
FOOTAFD990,Soccer,Goalie Gloves,GK Defender Grip Gloves,Size 10
FOOT9B1B1E,Soccer,Soccer Cleats,RX Sprint Soccer Boots,UK 10
FOOTABBA46,Soccer,Soccer Ball,FX Striker Training Soccer,Size 5
FOOTEC0AEA,Soccer,Soccer Cleats,RX Sprint Soccer Boots,UK 6
FOOTF21535,Soccer,Soccer Ball,NX Turf Control Soccer,Foam Padded
FOOT1E3E32,Soccer,Soccer Shin Guards,ShieldX Soccer Shinguards,Small
FOOT71C831,Soccer,Soccer Ball,FX Striker Training Soccer,Soft Touch
FOOT7EB7BC,Soccer,Soccer Ball,VX Match Premier Soccer,Thermo Bonded
FOOT17860D,Soccer,Goalie Gloves,GK Defender Grip Gloves,Size 6
FOOT63FDD7,Soccer,Soccer Shin Guards,ShieldX Soccer Shinguards,Ankle Protection
FOOT21667B,Soccer,Soccer Ball,VX Match Premier Soccer,Pro Cushioning
FOOTFCA276,Soccer,Soccer Ball,VX Match Premier Soccer,FIFA Quality Pro
FOOTD3B001,Soccer,Soccer Ball,NX Turf Control Soccer,Rubber Outer Shell
FOOT65813B,Soccer,Soccer Ball,VX Match Premier Soccer,FIFA Basic Certified
FOOT4A3199,Soccer,Soccer Shin Guards,ShieldX Soccer Shinguards,Youth
FOOTFA6CB6,Soccer,Soccer Ball,VX Match Premier Soccer,Size 5
FOOT424157,Soccer,Soccer Shin Guards,ShieldX Soccer Shinguards,Adult
FOOT67945A,Soccer,Goalie Gloves,GK Defender Grip Gloves,GripMax Latex
FOOTAB35F3,Soccer,Soccer Cleats,RX Sprint Soccer Boots,UK 9
FOOT489639,Soccer,Soccer Cleats,RX Sprint Soccer Boots,Wide Fit
FOOT49D279,Soccer,Soccer Shin Guards,ShieldX Soccer Shinguards,With Straps
HNDLA1722E,Handball,Handball Accessories,NX Resin Handball Grip,Standard
HNDL03C073,Handball,Handball,HX Grip Handball,Size 0
HNDL9B1B7D,Handball,Handball,HX Grip Handball,Size 1
HNDLB5AAA4,Handball,Handball,HX Grip Handball,Size 2
HNDLCD10B6,Handball,Handball Shoes,RX Court Handball Shoes,UK 8
HIKA1D299,Hiking,Water Bottles,PX Insulated Hiking Bottle,Wide Mouth
HIKD0476A,Hiking,Hiking Shoes,HX TrailGrip Hiking Shoes,UK 7
HIKAED3D8,Hiking,Hiking Shoes,HX TrailGrip Hiking Shoes,UK 10
HIKD8EC67,Hiking,Hiking Apparel,AX Mountain Hiking Jacket,M
HIK5BEC68,Hiking,Hiking Apparel,AX Mountain Hiking Jacket,XXL
HIK8D130E,Hiking,Water Bottles,PX Insulated Hiking Bottle,750 ml
HIK551B1C,Hiking,Water Bottles,PX Insulated Hiking Bottle,Steel
HIKC3460C,Hiking,Water Bottles,PX Insulated Hiking Bottle,500 ml
HIKF7229D,Hiking,Hiking Shoes,HX TrailGrip Hiking Shoes,UK 9
HIK070F0B,Hiking,Hiking Apparel,AX Mountain Hiking Jacket,L
HIKCAC6DD,Hiking,Hiking Apparel,AX Mountain Hiking Jacket,S
HIK77A350,Hiking,Backpacks,TX Mountain Trek Backpack,40L
HIK1EDFAB,Hiking,Trekking Poles,NX Trekking Pole Set,Short (100 cm)
HIK36B5E7,Hiking,Hiking Apparel,AX Mountain Hiking Jacket,XL
HIK3D8B94,Hiking,Trekking Poles,NX Trekking Pole Set,Medium (120 cm)
HIKBE06F0,Hiking,Backpacks,TX Mountain Trek Backpack,20L
HIKD4C3B1,Hiking,Hiking Shoes,HX TrailGrip Hiking Shoes,UK 8
HIK477AAF,Hiking,Backpacks,TX Mountain Trek Backpack,30L
HIK3DF988,Hiking,Water Bottles,PX Insulated Hiking Bottle,1 L
HIKD36FFD,Hiking,Trekking Poles,NX Trekking Pole Set,Foldable
HIKFE5678,Hiking,Backpacks,TX Mountain Trek Backpack,50L
HIKF1C8B8,Hiking,Trekking Poles,NX Trekking Pole Set,Anti-Shock
HIKC8C113,Hiking,Hiking Shoes,HX TrailGrip Hiking Shoes,UK 6
HIK122A22,Hiking,Trekking Poles,NX Trekking Pole Set,Long (135 cm)
HIKAD4D17,Hiking,Backpacks,TX Mountain Trek Backpack,70L
HORSE77A541,Horse Riding,Riding Boots,PX Leather Riding Boots,UK 6
HORSE2EEE60,Horse Riding,Horse Halter,FX Stable Halter,Standard
HORSE3B12B0,Horse Riding,Riding Crop,NX Flex Riding Crop,60 cm
HORSEAE5456,Horse Riding,Horse Grooming Kit,MX Grooming Brush Kit,5-Piece
HORSEB0E845,Horse Riding,Riding Helmet,HX Rider Safety Helmet,Black
HORSE63358C,Horse Riding,Saddle Pad,TX Comfort Saddle Pad,Pony Size
HORSEEB0E93,Horse Riding,Riding Boots,PX Leather Riding Boots,UK 7
HORSEE8A02C,Horse Riding,Riding Crop,NX Flex Riding Crop,70 cm
HORSE32EC33,Horse Riding,Riding Helmet,HX Rider Safety Helmet,Brown
HORSE2CAEAB,Horse Riding,Saddle Pad,TX Comfort Saddle Pad,Full Size
RACKD4E78B,Racket Sports,Racket Bag,RB MultiSport Racket Bag,Thermal Insulated
RACK105320,Racket Sports,Racket Bag,RB MultiSport Racket Bag,Pro Edition
RACK66912E,Racket Sports,Racket Bag,RB MultiSport Racket Bag,6 Racket Capacity
RACKFDE19F,Racket Sports,Racket Bag,RB MultiSport Racket Bag,9 Racket Capacity
RACK435CCD,Racket Sports,Racket Bag,RB MultiSport Racket Bag,2-Compartment
RACK3489DB,Racket Sports,Racket Bag,RB MultiSport Racket Bag,Sling Style
RACK82A423,Racket Sports,Racket Bag,RB MultiSport Racket Bag,3-Compartment
RACK5D92A1,Racket Sports,Racket Bag,RB MultiSport Racket Bag,1-Compartment
RACK69205F,Racket Sports,Racket Bag,RB MultiSport Racket Bag,Backpack Style
ROCKC708F5,Rock Climbing,Harness,HX Safety Climbing Harness,M
ROCKD798F6,Rock Climbing,Climbing Shoes,CX Grip Climbing Shoes,EU 42
ROCKF69138,Rock Climbing,Harness,HX Safety Climbing Harness,S
ROCK9DEEFF,Rock Climbing,Climbing Rope,TX Dynamic Climbing Rope,60 m
ROCKED21EA,Rock Climbing,Climbing Rope,TX Dynamic Climbing Rope,70 m
ROCKCC3BF4,Rock Climbing,Climbing Shoes,CX Grip Climbing Shoes,EU 39
ROCK0F8FA1,Rock Climbing,Carabiner,PX Steel Carabiner,Auto-Lock
ROCK3F43FF,Rock Climbing,Chalk Bag,NX Climbing Chalk Bag,Standard
ROCK32D5D0,Rock Climbing,Belay Device,MX Pro Belay Device,Standard
RUN2FE4D5,Running,Running Accessories,NX Hydration Running Belt,750 ml
RUNCF8C32,Running,Running Accessories,NX Hydration Running Belt,500 ml
RUNC06D4D,Running,Running Shoes,RX Sprint Road Running Shoes,UK 6
RUNE665CD,Running,Stopwatch,TX Runner Digital Stopwatch,Backlight Display
RUN6AA3AE,Running,Running Socks,PX Cushion Running Socks,L
RUND54C0F,Running,Stopwatch,TX Runner Digital Stopwatch,Water Resistant
RUNA56979,Running,Running Socks,PX Cushion Running Socks,M
RUND6A4A7,Running,Running Shoes,RX Sprint Road Running Shoes,UK 7
RUND5648C,Running,Running Shoes,RX Sprint Road Running Shoes,UK 9
RUND03BFE,Running,Stopwatch,TX Runner Digital Stopwatch,Lap Counter
RUND9B589,Running,Running Apparel,AX DryFit Running T-Shirt,L
RUN6DCFAC,Running,Running Accessories,NX Hydration Running Belt,Adjustable Fit
RUN1AB696,Running,Running Socks,PX Cushion Running Socks,Compression
RUN4820EF,Running,Stopwatch,TX Runner Digital Stopwatch,Standard
RUN339949,Running,Running Accessories,NX Hydration Running Belt,Lightweight Edition
RUN10A073,Running,Running Apparel,AX DryFit Running T-Shirt,XL
RUNB90BB2,Running,Running Apparel,AX DryFit Running T-Shirt,S
RUN785BD8,Running,Running Shoes,RX Sprint Road Running Shoes,UK 10
RUN51B03C,Running,Running Socks,PX Cushion Running Socks,XL
RUN1D0017,Running,Running Accessories,NX Hydration Running Belt,1 L
RUN192A50,Running,Running Apparel,AX DryFit Running T-Shirt,XXL
RUN5C06BF,Running,Running Apparel,AX DryFit Running T-Shirt,M
RUNEBBF53,Running,Running Shoes,RX Sprint Road Running Shoes,UK 8
RUN907813,Running,Running Socks,PX Cushion Running Socks,S
SKAT751A86,Skating,Knee Pads,PX Skate Knee Pads,L
SKATCB097A,Skating,Skate Wheels,SKX Replacement Wheel Set,82A Hardness
SKAT407D01,Skating,Inline Skates,SKX Glide Inline Skates,EU 37
SKAT8BFE91,Skating,Wrist Guards,NX Wrist Protector,Standard
SKAT47003B,Skating,Elbow Pads,PX Skate Elbow Pads,S
SKAT24B8F2,Skating,Elbow Pads,PX Skate Elbow Pads,M
SKAT8A94D3,Skating,Inline Skates,SKX Glide Inline Skates,EU 40
SKATC23D72,Skating,Skating Bag,SKX Skate Carry Bag,20L
SKATDA2B42,Skating,Helmet,AX Skate Safety Helmet,S
SQUA4C7DCE,Squash,Squash Racket,SQ Impact Squash Racket,Pro Edition
SQUA99D795,Squash,Squash Racket,SQ Impact Squash Racket,Head Light
SQUA160B6F,Squash,Squash Racket,SQ Impact Squash Racket,120g
SQUAA3B44A,Squash,Squash Racket,SQ Impact Squash Racket,Intermediate
SQUABC7FB7,Squash,Squash Racket,SQ Impact Squash Racket,130g
SQUAC908FD,Squash,Squash Racket,SQ Impact Squash Racket,Head Heavy
SQUA84B377,Squash,Squash Racket,SQ Impact Squash Racket,Even Balance
SQUA732DF1,Squash,Squash Racket,SQ Impact Squash Racket,Beginner
SQUA22F29D,Squash,Squash Racket,SQ Impact Squash Racket,Advanced
SQUA82575A,Squash,Squash Racket,SQ Impact Squash Racket,110g
SURF56D4BF,Surfing,Surfboard,SX WaveRider Surfboard,6 ft
SURF2EBCCA,Surfing,Wetsuit,WX AquaFit Wetsuit,Short Sleeve
SURF8627B1,Surfing,Surfboard,SX WaveRider Surfboard,7 ft
SURF7A248A,Surfing,Swim Fins,PX Surf Swim Fins,Medium
SURF60F2D1,Surfing,Swim Fins,PX Surf Swim Fins,Large
SURFE9DE14,Surfing,Surf Leash,NX AntiSnap Surf Leash,6 ft
SURFEB883D,Surfing,Bodyboard,BX Hydro Bodyboard,42 inch
SURFF237F1,Surfing,Surf Leash,NX AntiSnap Surf Leash,9 ft
SURF69CACC,Surfing,Bodyboard,BX Hydro Bodyboard,45 inch
SWIM8BE666,Swimming,Swim Caps,PX Silicone Swim Cap,Adult
SWIM0619EB,Swimming,Swim Caps,PX Silicone Swim Cap,Red
SWIM38D257,Swimming,Swimwear,MX Flex Swim Shorts,L
SWIM814E22,Swimming,Swim Caps,PX Silicone Swim Cap,Blue
SWIMAEF4F3,Swimming,Swimwear,MX Flex Swim Shorts,M
SWIMCA28CC,Swimming,Swimwear,MX Flex Swim Shorts,S
SWIM3B2B99,Swimming,Swimming Goggles,SX ClearView Swim Goggles,Junior
SWIM4F5CDD,Swimming,Kickboards,AX EasyFloat Kickboard,Junior
SWIMB4058D,Swimming,Swimming Goggles,SX ClearView Swim Goggles,Wide View
SWIM139E14,Swimming,Swimming Goggles,SX ClearView Swim Goggles,Anti-Fog
SWIME2E04A,Swimming,Swim Caps,PX Silicone Swim Cap,Black
SWIMBAC8EE,Swimming,Swimwear,MX Flex Swim Shorts,XL
SWIM2785E8,Swimming,Swimming Goggles,SX ClearView Swim Goggles,Mirrored Lens
SWIM8D675F,Swimming,Kickboards,AX EasyFloat Kickboard,Small
SWIM98EEF3,Swimming,Swim Caps,PX Silicone Swim Cap,Junior
SWIM9CB0C3,Swimming,Swimwear,MX Flex Swim Shorts,XXL
SWIM3BD53D,Swimming,Kickboards,AX EasyFloat Kickboard,Extra Buoyant
SWIM684A76,Swimming,Kickboards,AX EasyFloat Kickboard,Medium
SWIM1E7A6B,Swimming,Swimming Goggles,SX ClearView Swim Goggles,Adult
TTEN18B609,Ping Pong,Ping Pong Paddle,PX SpeedShot TT Bat,All-Round Rubber
TTEND5F06B,Ping Pong,Ping Pong Paddle,PX SpeedShot TT Bat,1-Star
TTENB506A5,Ping Pong,Ping Pong Paddle,PX SpeedShot TT Bat,5-Star
TTEND35118,Ping Pong,Ping Pong Paddle,PX SpeedShot TT Bat,Beginner Rubber
TTEN2C5F16,Ping Pong,Ping Pong Paddle,PX SpeedShot TT Bat,Pro Edition Rubber
TTENE14F77,Ping Pong,Ping Pong Paddle,PX SpeedShot TT Bat,3-Star
TTEN658069,Ping Pong,Ping Pong Paddle,PX SpeedShot TT Bat,2-Star
TTEN204A0C,Ping Pong,Ping Pong Paddle,PX SpeedShot TT Bat,Control Rubber
TTEN99E28C,Ping Pong,Ping Pong Paddle,PX SpeedShot TT Bat,Speed Rubber
TTENE352A9,Ping Pong,Ping Pong Paddle,PX SpeedShot TT Bat,Spin Rubber
GAMES600C68,Board Games,Game Tokens,PX Game Coin Set,Wooden
GAMES594E41,Board Games,Dartboard,TX Pro Dartboard,Soft Tip
GAMES78D8F4,Board Games,Chess Board,GX Wooden Chess Set,Tournament
GAMES7519A2,Board Games,Tabletop Football,MX Mini Foosball Table,Standard
GAMES0B9C36,Board Games,Game Board,CX Tournament Game Board,Standard
GAMESA7F5F8,Board Games,Dartboard,TX Pro Dartboard,Steel Tip
GAMES55E6CB,Board Games,Chess Board,GX Wooden Chess Set,Standard
GAMES62C38E,Board Games,Game Striker,NX Game Striker,Tournament
GAMES5EF6E3,Board Games,Game Board,CX Tournament Game Board,Full Size
TENN1ADD96,Tennis,Tennis Racket,TX ControlMax Tennis Racket,Heavy 305g
TENN32F2C2,Tennis,Tennis Racket,TX ControlMax Tennis Racket,Lightweight 260g
TENN11B50C,Tennis,Tennis Racket,TX ControlMax Tennis Racket,Midweight 285g
TENN8CF37E,Tennis,Tennis Racket,MX SpinForce Tennis Racket,Spin Friendly
TENNE19233,Tennis,Tennis Racket,MX SpinForce Tennis Racket,Control Balance
TENN6E46CF,Tennis,Tennis Racket,TX ControlMax Tennis Racket,Beginner
TENN6AD4AC,Tennis,Tennis Racket,MX SpinForce Tennis Racket,Grip 3
TENNDCCD5A,Tennis,Tennis Racket,MX SpinForce Tennis Racket,300g
TENN514228,Tennis,Tennis Racket,TX ControlMax Tennis Racket,Grip 2
TENN0CFFE7,Tennis,Tennis Racket,MX SpinForce Tennis Racket,Grip 1
TENN391CEF,Tennis,Tennis Racket,TX ControlMax Tennis Racket,Grip 1
TENN151AB9,Tennis,Tennis Racket,TX ControlMax Tennis Racket,Intermediate
TENN3F4E67,Tennis,Tennis Racket,TX ControlMax Tennis Racket,Grip 3
TENNF49374,Tennis,Tennis Racket,MX SpinForce Tennis Racket,285g
TENN0B614F,Tennis,Tennis Racket,MX SpinForce Tennis Racket,270g
TENN4AEBA0,Tennis,Tennis Racket,MX SpinForce Tennis Racket,Power Balance
TENN506041,Tennis,Tennis Racket,TX ControlMax Tennis Racket,Advanced
TENN6C0BC2,Tennis,Tennis Racket,MX SpinForce Tennis Racket,All-Rounder
VOLLF0E251,Volleyball,Knee Pads,PX SoftShield Knee Pads,S
VOLLD0506F,Volleyball,Volleyball Shoes,RX Volley Indoor Shoes,UK 8
VOLLC5F036,Volleyball,Volleyball,VX SoftTouch Volleyball,Size 4
VOLLA6AAB1,Volleyball,Volleyball Shoes,RX Volley Indoor Shoes,UK 9
VOLLF5D4E6,Volleyball,Knee Pads,PX SoftShield Knee Pads,M
VOLLEEC6A4,Volleyball,Knee Pads,PX SoftShield Knee Pads,L
VOLL56AE91,Volleyball,Volleyball,VX SoftTouch Volleyball,Size 5
VOLLDDFCD0,Volleyball,Volleyball Accessories,NX Pro Volleyball Pump,Compact
VOLL4B8018,Volleyball,Volleyball Net,MX Outdoor Volleyball Net,Standard
WLFT9CBF85,Weight Lifting,Weight Plates,WL Rubber Weight Plate,5 kg
WLFTB0B8BE,Weight Lifting,Weight Bars,WL Steel Barbell,Olympic 7 ft
WLFT5DC367,Weight Lifting,Dumbbells,WL Hex Dumbbell,7.5 kg
WLFT1704AC,Weight Lifting,Kettlebells,WL Power Kettlebell,16 kg
WLFT053057,Weight Lifting,Dumbbells,WL Hex Dumbbell,2 kg
WLFT79618A,Weight Lifting,Weight Plates,WL Rubber Weight Plate,15 kg
WLFTAE945F,Weight Lifting,Weight Plates,WL Rubber Weight Plate,10 kg
WLFT4A4E9C,Weight Lifting,Kettlebells,WL Power Kettlebell,6 kg
WLFT6CA36D,Weight Lifting,Kettlebells,WL Power Kettlebell,8 kg
WLFTB7DF2B,Weight Lifting,Weight Bars,WL Steel Barbell,Curl Bar
WLFT52B261,Weight Lifting,Dumbbells,WL Hex Dumbbell,12.5 kg
WLFT296A48,Weight Lifting,Kettlebells,WL Power Kettlebell,4 kg
WLFT7AD84A,Weight Lifting,Dumbbells,WL Hex Dumbbell,5 kg
WLFTD84A88,Weight Lifting,Kettlebells,WL Power Kettlebell,12 kg
WLFTAC3A34,Weight Lifting,Weight Bars,WL Steel Barbell,Hex Grip Bar
WLFT1B93D6,Weight Lifting,Weight Plates,WL Rubber Weight Plate,2.5 kg
WLFT69B35E,Weight Lifting,Dumbbells,WL Hex Dumbbell,10 kg
WLFTF2E540,Weight Lifting,Weight Bars,WL Steel Barbell,Trap Bar
WLFT14DED0,Weight Lifting,Weight Plates,WL Rubber Weight Plate,20 kg
YOGA19401E,Yoga,Meditation Cushion,YX Zen Cushion,Round
YOGACE3F89,Yoga,Yoga Mat,YX Comfort Yoga Mat,4mm
YOGA4680D3,Yoga,Yoga Strap,PX Flex Yoga Strap,2 m
YOGA1B22A2,Yoga,Resistance Bands,PX Yoga Resistance Band,Heavy
YOGA6FA844,Yoga,Resistance Bands,PX Yoga Resistance Band,Light
YOGAA7E602,Yoga,Yoga Block,AX Foam Yoga Block,Standard
YOGA46952D,Yoga,Yoga Wheel,NX Balance Yoga Wheel,33 cm
YOGA80ED66,Yoga,Meditation Cushion,YX Zen Cushion,Square
YOGA465ABE,Yoga,Yoga Mat,YX Comfort Yoga Mat,6mm
